problem,count_atoms,MDE_classic,MDE_quaternion,RMSD,samples_classic,samples_quaternion,memory_classic,memory_quaternion,allocs_classic,allocs_quaternion,time_classic(mean),time_quaternion(mean),gctime_classic(mean),gctime_quaternion(mean),time_classic(median),time_quaternion(median),gctime_classic(median),gctime_quaternion(median),time_classic(minimum),time_quaternion(minimum),gctime_classic(minimum),gctime_quaternion(minimum),time_classic(maxium),time_quaternion(maxium),gctime_classic(maximum),gctime_quaternion(maximum)
pdb1ba5,320,9.35891757845245e-13,1.0698213318314859e-12,4.1376139260987435e-12,7390,10090,717440,312608,3435,4071,0.0003994209303112314,0.00028605081228939546,1.4601825981055482e-5,1.2983815758176413e-5,0.0003575165,0.00025036000000000004,0.0,0.0,0.000349178,0.000242092,0.0,0.0,0.16993443900000002,0.160053031,0.0,0.0
pdb1d1n,594,1.0054124213067224e-11,9.672359917996517e-12,1.2688884628658127e-12,4813,5925,1178576,537616,6216,7006,0.0006147419229170995,0.0004983545387341773,2.6267791606066902e-5,2.2468787341772155e-5,0.0005820140000000001,0.000471172,0.0,0.0,0.000572845,0.00046090700000000004,0.0,0.0,0.003285722,0.0037474450000000003,0.0023926050000000003,0.0031740360000000003
pdb1dp3,332,7.704467263809139e-13,8.939087109415196e-13,1.4697427907754934e-12,9409,12102,629008,283408,3028,3408,0.0003131606102667659,0.0002432665959345563,1.3476212668721437e-5,1.1300843744835564e-5,0.000295901,0.00022906450000000002,0.0,0.0,0.000290752,0.00022331600000000001,0.0,0.0,0.002917577,0.003456661,0.002443671,0.003149289
pdb1du1,122,8.225439703791088e-13,1.2580133162652293e-12,1.2375891467065956e-12,27445,34947,222592,102992,1079,1204,0.00010656343578065222,8.310579529001059e-5,4.749673638185462e-6,4.566649154433857e-6,0.00010053300000000001,7.735600000000001e-5,0.0,0.0,9.6965e-5,7.5482e-5,0.0,0.0,0.002584986,0.003604734,0.0024126850000000004,0.0033785760000000003
pdb1fcl,338,4.542069057896466e-12,4.515169832754872e-12,8.078638907694198e-13,6372,8202,893360,365920,4298,5013,0.000463667070621469,0.00035978380175566936,1.7441794099183933e-5,1.4496099853694222e-5,0.00044081700000000003,0.0003413385,0.0,0.0,0.00043160700000000003,0.00033432000000000004,0.0,0.0,0.0028410590000000004,0.0036618260000000004,0.00226734,0.003140709
