problem,samples_classic,samples_quaternion,memory_classic,memory_quaternion,allocs_classic,allocs_quaternion,time_classic(mean),time_quaternion(mean),gctime_classic(mean),gctime_quaternion(mean),time_classic(median),time_quaternion(median),gctime_classic(median),gctime_quaternion(median),time_classic(minimum),time_quaternion(minimum),gctime_classic(minimum),gctime_quaternion(minimum),time_classic(maxium),time_quaternion(maxium),gctime_classic(maximum),gctime_quaternion(maximum)
pdb1ba5,12907,18758,750144,322256,3595,4274,0.0003829220839854343,0.0002589819270711163,1.3164680560935927e-5,1.1409637647936882e-5,0.00035092200000000004,0.000233968,0.0,0.0,0.00034490000000000004,0.000228564,0.0,0.0,0.17239077800000002,0.16495858100000002,0.0,0.0
pdb1d1n,90,151,108664976,32764240,602820,736058,0.055666920111111115,0.033151727397351,0.0016903640333333335,0.0012929206754966889,0.055386047,0.033341292,0.0015168830000000001,0.0016708200000000002,0.054515456000000004,0.031276311,0.0013523810000000002,0.0,0.072767892,0.040112706000000005,0.003392982,0.0
pdb1dp3,530,898,19780192,5864800,95101,119687,0.009387202456603773,0.005539914033407573,0.0002460309452830189,0.00019443809020044546,0.0091548455,0.0052842240000000006,0.0,0.0,0.008987261,0.005173676,0.0,0.0,0.016195875000000002,0.013737954,0.0,0.004661384
pdb1du1,31312,47948,330336,135008,1597,1871,0.00015648652296244254,0.00010135582952365062,5.847590380684722e-6,4.884376637190289e-6,0.00014835800000000002,9.5458e-5,0.0,0.0,0.000145283,9.284500000000001e-5,0.0,0.0,0.0020031090000000003,0.003924554,0.0017934530000000002,0.003708554
pdb1fcl,56,100,175521520,52071568,843934,1082270,0.08902901346428573,0.04997058997,0.004653739607142857,0.0017587537900000001,0.08863536550000001,0.049506514,0.0047475385000000005,0.001422124,0.085144946,0.049017621000000004,0.0024643390000000003,0.0013663890000000002,0.102563517,0.063460322,0.004275518,0.002445969
