problem,count_atoms,solutions_classic,solutions_quaternion,MDE_classic,MDE_quaternion,minRMSDclassic,argminRMSDclassic,minRMSDquaternion,argminRMSDquaternion,samples_classic,samples_quaternion,memory_classic,memory_quaternion,allocs_classic,allocs_quaternion,time_classic(mean),time_quaternion(mean),gctime_classic(mean),gctime_quaternion(mean),time_classic(median),time_quaternion(median),gctime_classic(median),gctime_quaternion(median),time_classic(minimum),time_quaternion(minimum),gctime_classic(minimum),gctime_quaternion(minimum),time_classic(maxium),time_quaternion(maxium),gctime_classic(maximum),gctime_quaternion(maximum)
pdb2k2f,1268,8,8,2.639357222181111e-13,2.8180438393632813e-13,1.2925742926791636e-11,1,1.295624358884795e-11,1,1282,2109,25503889168,7555166256,136697371,167499507,15.607493710583464,9.485991751418682,2.261815419827613,0.6603981032351826,15.8203569085,9.50227046,2.451400628,0.676212613,13.608164378000001,9.259048657000001,0.8413657480000001,0.489223287,16.967318979,9.698077791000001,3.0707947470000003,0.756405474
pdb2kbm,1268,8,8,2.1646206660742485e-13,2.2258441631581635e-13,1.5486720824370336e-12,2,1.686475859666116e-12,2,1655,2580,21685441584,6400413520,114083285,140368297,12.087343036088217,7.752725666575582,1.3708529602930513,0.5148302110434109,12.164412025,7.7597038705,1.449803991,0.524025704,11.150763943000001,7.58736117,0.596324493,0.39294781100000004,12.716410625,7.9659146530000005,1.8026447190000001,0.686014813
