problem,samples_classic,samples_quaternion,memory_classic,memory_quaternion,allocs_classic,allocs_quaternion,time_classic(mean),time_quaternion(mean),gctime_classic(mean),gctime_quaternion(mean),time_classic(median),time_quaternion(median),gctime_classic(median),gctime_quaternion(median),time_classic(minimum),time_quaternion(minimum),gctime_classic(minimum),gctime_quaternion(minimum),time_classic(maxium),time_quaternion(maxium),gctime_classic(maximum),gctime_quaternion(maximum)
pdb1ba5,17035,29349,1109664,322256,6805,4274,0.0005830487589081304,0.00033512992197349146,1.8750532961549752e-5,9.955451054550412e-6,0.0005469310000000001,0.00031388300000000004,0.0,0.0,0.000538609,0.000307168,0.0,0.0,0.162651071,0.17233583800000002,0.0,0.0
pdb1d1n,104,204,173961088,32764240,1185821,736058,0.09664488403846154,0.04908072506862746,0.0035013160865384617,0.0011638183970588236,0.09633256200000001,0.0492477765,0.0035298430000000004,0.0015878405,0.09491782800000001,0.047028622000000006,0.00270686,0.0,0.12055193200000001,0.055970135000000004,0.005241272,0.0
pdb1dp3,601,1215,31780768,5864800,202249,119687,0.0165977420515807,0.00821050398600823,0.00048382666888519135,0.00016981703374485598,0.016654315,0.008029288,0.0006683570000000001,0.0,0.015749137,0.007816065,0.0,0.0,0.026238182000000002,0.011074521,0.0,0.00227725
pdb1du1,39465,71102,488928,135008,3013,1871,0.00025036854326618524,0.00013795633972321454,8.338215178005829e-6,4.5557424263733796e-6,0.00023808700000000003,0.00013132400000000002,0.0,0.0,0.000233803,0.000128824,0.0,0.0,0.0020157910000000003,0.002865348,0.001619757,0.002694212
pdb1eii,Inf,Inf
pdb1fcl,63,126,285213088,52071568,1823323,1082270,0.15868640096825398,0.07939806580952381,0.008229334333333333,0.0015607330555555555,0.158762069,0.07915654450000001,0.008502722,0.0013413915,0.15445350200000002,0.07799700100000001,0.00488169,0.00132679,0.172051262,0.092162031,0.006649016000000001,0.002313827
pdb1fd6,Inf,Inf
