problem,count_atoms,MDE_classic,MDE_quaternion,RMSD,samples_classic,samples_quaternion,memory_classic,memory_quaternion,allocs_classic,allocs_quaternion,time_classic(mean),time_quaternion(mean),gctime_classic(mean),gctime_quaternion(mean),time_classic(median),time_quaternion(median),gctime_classic(median),gctime_quaternion(median),time_classic(minimum),time_quaternion(minimum),gctime_classic(minimum),gctime_quaternion(minimum),time_classic(maxium),time_quaternion(maxium),gctime_classic(maximum),gctime_quaternion(maximum)
pdb2k2f,1268,2.639357222181111e-13,2.8180438393632813e-13,7.294904791272696e-14,1522,2875,4630985584,1371698784,24822490,30414975,2.9577295854638637,1.5652285713662608,0.33914823841721425,0.08793087295547827,2.9932690875000003,1.5659036430000002,0.37322082900000003,0.09111952400000001,2.572403445,1.511132509,0.081714175,0.050009095,3.292037016,1.7588748250000001,0.5954978200000001,0.24237038200000002
pdb2kbm,1268,2.164618325658597e-13,2.2302772275203658e-13,2.696335609080546e-13,4085,6614,1899176912,560698736,9994752,12295670,1.1018229088670748,0.6804321073261265,0.08016548297062424,0.029507515393559117,1.101984947,0.679936863,0.082808171,0.0293754485,1.019959383,0.6636842510000001,0.029122176000000003,0.019673348,1.30165645,0.9010301580000001,0.258699497,0.21204508300000002
pdb2j0z,752,3.191726409516008e-10,3.1973468843444514e-10,4.532381108150325e-12,18990,30943,412716688,125246608,2438776,2931836,0.23694774945323857,0.14540920860036194,0.02385374402111638,0.011541648481724462,0.23682957650000003,0.14497347000000002,0.023589235,0.010976249,0.211861296,0.135078362,0.0062264090000000005,0.003741495,0.46076058700000005,0.35051223400000003,0.20327588300000002,0.19081624
pdb2adl,868,1.752115413205143e-11,1.787392906999098e-11,3.0093155641354764e-12,100000,100000,69836432,21544192,414320,499165,0.03553427792101001,0.02390644694823,0.0012248727906500002,0.00086144228103,0.035641360500000004,0.0232484885,0.0015357265,0.0,0.034654712000000004,0.022648388000000002,0.000823548,0.0,0.055509503,0.037224701,0.002341395,0.001875967
