problem,count_atoms,MDE_classic,MDE_quaternion,RMSD,samples_classic,samples_quaternion,memory_classic,memory_quaternion,allocs_classic,allocs_quaternion,time_classic(mean),time_quaternion(mean),gctime_classic(mean),gctime_quaternion(mean),time_classic(median),time_quaternion(median),gctime_classic(median),gctime_quaternion(median),time_classic(minimum),time_quaternion(minimum),gctime_classic(minimum),gctime_quaternion(minimum),time_classic(maxium),time_quaternion(maxium),gctime_classic(maximum),gctime_quaternion(maximum)
pdb1ba5,320,9.357944764031503e-13,1.0698213318314859e-12,4.1356189308043884e-12,8012,18175,717440,312608,3435,4071,0.0006175984126310535,0.0002677846094085282,1.4792875936095856e-5,1.2452910316368638e-5,0.0005771535,0.00023913300000000002,0.0,0.0,0.0005690140000000001,0.00023171000000000002,0.0,0.0,0.17128821400000002,0.159329664,0.0,0.0
pdb1d1n,594,1.0054169843848237e-11,9.672359917996517e-12,1.2670053199151301e-12,5123,10209,1178576,537616,6216,7006,0.0009675664146008199,0.0004831566376726418,2.6992848526254148e-5,2.2267771476148497e-5,0.0009337970000000001,0.00045730900000000004,0.0,0.0,0.0009234680000000001,0.000447584,0.0,0.0,0.0037246350000000004,0.003724264,0.002453598,0.003166598
pdb1dp3,332,7.704326558395837e-13,8.939087109415196e-13,1.4699609569483402e-12,9973,20621,629008,283408,3028,3408,0.000495645731675524,0.00023857719727462295,1.3817675122831647e-5,1.1289360942728286e-5,0.000477982,0.000224942,0.0,0.0,0.00047214500000000004,0.00022058400000000001,0.0,0.0,0.003121467,0.003489816,0.0024561970000000002,0.0031323030000000003
pdb1du1,122,8.225387299791607e-13,1.2580133162652293e-12,1.2365215946144033e-12,28832,59437,222592,102992,1079,1204,0.00017051728888041066,8.163410495146122e-5,4.88393063263041e-6,4.471570234029309e-6,0.00016408700000000002,7.620100000000001e-5,0.0,0.0,0.00016159,7.4041e-5,0.0,0.0,0.002754172,0.0035174700000000004,0.0025036060000000002,0.0032985120000000004
pdb1fcl,338,4.5421418218798765e-12,4.515169832754872e-12,8.088172528537499e-13,6579,14280,893360,365920,4298,5013,0.0007527902889496884,0.0003450655973389356,1.7910813497492022e-5,1.4386425420168068e-5,0.0007295240000000001,0.000327491,0.0,0.0,0.0007219650000000001,0.000321508,0.0,0.0,0.00322346,0.003627346,0.0023510560000000002,0.0031248910000000003
