problem,timeClassic,timeQuaternion
pdb1ba5,0.0005979945000000001,0.0053102670000000005
pdb1d1n,0.112537307,1.005612348
pdb1dp3,0.01872889,0.177090813
pdb1du1,0.000259551,0.0020829515
