problem,count_atoms,solutions_classic,solutions_quaternion,MDE_classic,MDE_quaternion,minRMSDclassic,argminRMSDclassic,minRMSDquaternion,argminRMSDquaternion,samples_classic,samples_quaternion,memory_classic,memory_quaternion,allocs_classic,allocs_quaternion,time_classic(mean),time_quaternion(mean),gctime_classic(mean),gctime_quaternion(mean),time_classic(median),time_quaternion(median),gctime_classic(median),gctime_quaternion(median),time_classic(minimum),time_quaternion(minimum),gctime_classic(minimum),gctime_quaternion(minimum),time_classic(maxium),time_quaternion(maxium),gctime_classic(maximum),gctime_quaternion(maximum)
pdb2k2f,1268,8,8,2.639357222181111e-13,2.8180438393632813e-13,1.2925742926791636e-11,1,1.295624358884795e-11,1,1241,2427,25503889168,7555166256,136697371,167499507,16.118192052643032,8.241389109909354,1.9578236345680904,0.5379982287700865,16.230513243,8.268379413,2.1559690920000003,0.566438974,13.941838066,7.934946092000001,0.508235824,0.290725657,17.428838569,8.587301483000001,2.9237456080000004,0.7966335920000001
pdb2kbm,1268,8,8,2.1646206660742485e-13,2.2258441631581635e-13,1.5486720824370336e-12,2,1.686475859666116e-12,2,1591,2652,21685441584,6400413520,114083285,140368297,12.571330178341924,7.544329270195324,1.143330233714645,0.42685476115761695,12.628089728,7.561138398500001,1.231766651,0.446809718,11.513352193000001,7.354999031,0.396620048,0.27338881400000004,14.015379486,7.811069045000001,1.539093296,0.663356669
