problem,count_atoms,MDE_classic,MDE_quaternion,RMSD,samples_classic,samples_quaternion,memory_classic,memory_quaternion,allocs_classic,allocs_quaternion,time_classic(mean),time_quaternion(mean),gctime_classic(mean),gctime_quaternion(mean),time_classic(median),time_quaternion(median),gctime_classic(median),gctime_quaternion(median),time_classic(minimum),time_quaternion(minimum),gctime_classic(minimum),gctime_quaternion(minimum),time_classic(maxium),time_quaternion(maxium),gctime_classic(maximum),gctime_quaternion(maximum)
pdb1ba5,320,9.35891757845245e-13,1.0698213318314859e-12,4.1376139260987435e-12,7940,10267,717440,312608,3435,4071,0.00037161843526448363,0.00028710354251485344,1.4819285768261966e-5,1.2623772961916821e-5,0.000351692,0.000270926,0.0,0.0,0.000345291,0.00026460300000000003,0.0,0.0,0.0027189700000000002,0.003690829,0.0022931690000000003,0.0032283980000000004
pdb1d1n,594,1.0054124213067224e-11,9.672359917996517e-12,1.2688884628658127e-12,4794,5932,1178576,537616,6216,7006,0.0006172003500208595,0.0004977950308496292,2.6743761159783065e-5,2.2708605529332436e-5,0.0005835565,0.0004700805,0.0,0.0,0.0005747100000000001,0.00046049400000000004,0.0,0.0,0.00338843,0.0038056070000000003,0.0024664070000000003,0.0032305850000000002
pdb1dp3,332,7.704467263809139e-13,8.939087109415196e-13,1.4697427907754934e-12,9452,12092,629008,283408,3028,3408,0.0003117326124629708,0.00024344631086668875,1.3544169805332206e-5,1.142071956665564e-5,0.0002945245,0.000229077,0.0,0.0,0.000288224,0.000223054,0.0,0.0,0.002848269,0.003469511,0.0023705790000000003,0.0031681810000000004
pdb1du1,122,8.225439703791088e-13,1.2580133162652293e-12,1.2375891467065956e-12,27385,34717,222592,102992,1079,1204,0.00010680723848822348,8.351815450643778e-5,4.8443966404966224e-6,4.488783708269724e-6,0.00010070200000000001,7.790500000000001e-5,0.0,0.0,9.7361e-5,7.6061e-5,0.0,0.0,0.002602567,0.003316068,0.002427247,0.0031531780000000004
pdb1fcl,338,4.542069057896466e-12,4.515169832754872e-12,8.078638907694198e-13,6389,8227,893360,365920,4298,5013,0.00046250686758491163,0.00035861048243588186,1.7673230395993115e-5,1.4592026619666952e-5,0.000439298,0.000339976,0.0,0.0,0.000430208,0.00033346,0.0,0.0,0.0028621750000000002,0.003743039,0.00228693,0.0032180240000000003
