problem,count_atoms,solutions_classic,solutions_quaternion,MDE_classic,MDE_quaternion,minRMSDclassic,argminRMSDclassic,minRMSDquaternion,argminRMSDquaternion,samples_classic,samples_quaternion,memory_classic,memory_quaternion,allocs_classic,allocs_quaternion,time_classic(mean),time_quaternion(mean),gctime_classic(mean),gctime_quaternion(mean),time_classic(median),time_quaternion(median),gctime_classic(median),gctime_quaternion(median),time_classic(minimum),time_quaternion(minimum),gctime_classic(minimum),gctime_quaternion(minimum),time_classic(maxium),time_quaternion(maxium),gctime_classic(maximum),gctime_quaternion(maximum)
pdb1ba5,320,8,8,9.362814177378705e-13,1.0694516852065802e-12,0.035621226067850606,6,0.03562122606839002,6,3945,5191,2666896,1525744,10783,12759,0.0012576417482889736,0.0009432314507801965,4.68446927756654e-5,5.163365247543826e-5,0.001151097,0.000851838,0.0,0.0,0.001129363,0.000829311,0.0,0.0,0.168143607,0.161019788,0.0,0.0
pdb1d1n,594,2,2,1.0054124213067224e-11,9.672359917996517e-12,2.976643301466229e-11,1,2.9311063483407045e-11,1,2429,3583,4002544,1562576,20705,24889,0.0020437352202552495,0.001384988025955903,6.495736599423631e-5,5.74735752162992e-5,0.001945808,0.0013139550000000001,0.0,0.0,0.0019096850000000002,0.0012814760000000001,0.0,0.0,0.005183479,0.005807242000000001,0.0020845720000000002,0.004051188
pdb1dp3,332,8,8,7.70447428731552e-13,8.940016916631726e-13,4.9981266164331286e-5,2,4.998126656766043e-5,2,3884,5223,2766896,1575472,11297,13339,0.0012768009330587024,0.0009488545039249474,5.217363362512874e-5,5.407074076201417e-5,0.0011973615,0.0008829450000000001,0.0,0.0,0.00116942,0.0008603720000000001,0.0,0.0,0.0036908540000000004,0.004025945,0.0016276700000000001,0.002826087
pdb1du1,122,16,16,8.225439703791088e-13,1.2580133162652293e-12,6.660576551887054e-13,1,1.6583011375693286e-12,1,8454,10216,1364912,948944,5028,5732,0.0005857169306837,0.000484043124119029,3.093830801987225e-5,3.62635646045419e-5,0.0005458655,0.000442241,0.0,0.0,0.000522894,0.00042858200000000005,0.0,0.0,0.003589984,0.003511174,0.002755425,0.003006354
pdb1fcl,338,8,8,4.542066758429423e-12,4.515216006248563e-12,1.5447063067417372e-11,2,1.5223291337229703e-11,2,3309,4350,3191504,1734960,13179,15671,0.001500099042913267,0.001139231244367816,5.5333076760350565e-5,6.264218735632184e-5,0.001426317,0.0010571575000000001,0.0,0.0,0.0013734390000000002,0.001029654,0.0,0.0,0.003800644,0.004768182,0.0018298610000000001,0.003466237
