problem,samples_classic,samples_quaternion,memory_classic,memory_quaternion,allocs_classic,allocs_quaternion,time_classic(mean),time_quaternion(mean),gctime_classic(mean),gctime_quaternion(mean),time_classic(median),time_quaternion(median),gctime_classic(median),gctime_quaternion(median),time_classic(minimum),time_quaternion(minimum),gctime_classic(minimum),gctime_quaternion(minimum),time_classic(maxium),time_quaternion(maxium),gctime_classic(maximum),gctime_quaternion(maximum)
pdb1ba5,13554,20215,750144,322256,3595,4274,0.00036441891840047224,0.00024343918901805593,1.2519676331710197e-5,1.080418857284195e-5,0.0003464235,0.00023044700000000002,0.0,0.0,0.00033893400000000005,0.000225994,0.0,0.0,0.0030405610000000002,0.0030081770000000003,0.0026238150000000003,0.0026811160000000003
pdb1d1n,90,152,108664976,32764240,602820,736058,0.055741484477777783,0.032753091276315795,0.0016459519,0.0012990397171052633,0.055448835,0.032910279,0.0014553020000000001,0.0016441935000000001,0.054349803,0.030926679000000002,0.0013739240000000001,0.0,0.073651968,0.039540846000000004,0.003093892,0.0
pdb1dp3,530,913,19780192,5864800,95101,119687,0.009396847841509435,0.005449396051478642,0.0002467086396226415,0.00017954404928806133,0.0092184015,0.005238419,0.0,0.0,0.008958092,0.005094592,0.0,0.0,0.016007548,0.008784337,0.0,0.0021335860000000002
pdb1du1,31752,48027,330336,135008,1597,1871,0.00015419397534013608,0.00010120396306244406,5.5569646321491565e-6,4.940514689653736e-6,0.000146475,9.5251e-5,0.0,0.0,0.000143664,9.320400000000001e-5,0.0,0.0,0.002703989,0.0030730130000000003,0.002481577,0.002914921
pdb1fcl,57,99,175521520,52071568,843934,1082270,0.08877150968421053,0.05049590723232323,0.004670816947368421,0.0017606602121212124,0.088101908,0.05015096,0.004433836,0.0014704170000000001,0.085649573,0.049439702,0.002424042,0.001438681,0.10254200200000001,0.06359658900000001,0.0042259770000000006,0.002514175
