ref;method;size;mean;median;minimum;maximum;samples;memory;allocs;gcmean;gcmedian;gcminimum;gcmaximum
10;classicBP;700;0.0002646841967;0.00021334250000000003;0.00017662100000000002;0.010019755;20000;379648;3216;3.15191736e-5;0.0;0.0;0.009670086000000001
10;quaternionBP;700;0.00016912032485000002;0.000167562;0.000127069;0.007898366;20000;156240;3215;1.150954725e-5;0.0;0.0;0.007573341000000001
