ref;method;size;mean;median;minimum;maximum;samples;memory;allocs;gcmean;gcmedian;gcminimum;gcmaximum
100;classicBP;700;0.0022105018300500002;0.0021570805;0.0019268710000000001;0.012121014000000001;20000;402112;3234;3.2786770200000004e-5;0.0;0.0;0.009435289000000001
100;quaternionBP;700;0.0020316139796;0.0019830545000000003;0.001847696;0.010080864;20000;178704;3233;1.1727891100000002e-5;0.0;0.0;0.007726073000000001
