ref;method;size;mean;median;minimum;maximum;samples
1000;classicBP;800;0.007441007295800001;0.007378163500000001;0.007169555;0.011792064000000001;5000
1000;quaternionBP;800;0.0073238775292;0.007261135500000001;0.007091163;0.013899452000000001;5000
