ref;method;size;mean;median;minimum;maximum;samples;memory;allocs;gcmean;gcmedian;gcminimum;gcmaximum
200;classicBP;700;0.00490526831345;0.0048578745000000005;0.00451878;0.014049681000000001;20000;427072;3240;3.182711515e-5;0.0;0.0;0.008371443000000001
200;quaternionBP;700;0.0048275624475;0.004800159500000001;0.004559928;0.012740055;20000;203664;3239;1.178547165e-5;0.0;0.0;0.0074422740000000005
