ref;method;size;mean;median;minimum;maximum;samples;memory;allocs;gcmean;gcmedian;gcminimum;gcmaximum
3;classicBP;700;0.00020250247630000003;0.0001374345;0.00013021000000000002;0.009838774;20000;377728;3208;3.098954095e-5;0.0;0.0;0.009464188
3;quaternionBP;700;0.0001094735588;8.777100000000001e-5;8.4628e-5;0.008357293;20000;154320;3207;1.12234722e-5;0.0;0.0;0.008105241000000001
