ref;method;size;mean;median;minimum;maximum;samples;memory;allocs;gcmean;gcmedian;gcminimum;gcmaximum
300;classicBP;700;0.00706602891745;0.007014979;0.006653318;0.018264622;20000;476608;3246;3.07744905e-5;0.0;0.0;0.009398822000000001
300;quaternionBP;700;0.0068734473882;0.006856919;0.0065604140000000005;0.013190689;20000;253200;3245;1.1612634550000001e-5;0.0;0.0;0.005680996000000001
