ref;method;size;mean;median;minimum;maximum;samples;memory;allocs;gcmean;gcmedian;gcminimum;gcmaximum
4;classicBP;700;0.00021464584725;0.00014894650000000001;0.00014192500000000002;0.009498862;20000;378016;3210;3.1003943650000006e-5;0.0;0.0;0.00903217
4;quaternionBP;700;0.0001203983324;9.867400000000001e-5;9.5056e-5;0.008823435000000001;20000;154608;3209;1.12290898e-5;0.0;0.0;0.008497515
