ref;method;size;mean;median;minimum;maximum;samples;memory;allocs;gcmean;gcmedian;gcminimum;gcmaximum
400;classicBP;700;0.008077329804350001;0.008004646;0.0075912620000000005;0.017961523;20000;476608;3246;3.196811665e-5;0.0;0.0;0.009247386
400;quaternionBP;700;0.007724945313350001;0.0076585855000000005;0.0074617320000000004;0.014602938000000001;20000;253200;3245;1.1228096750000001e-5;0.0;0.0;0.006441124
