ref;method;size;mean;median;minimum;maximum;samples;memory;allocs;gcmean;gcmedian;gcminimum;gcmaximum
5;classicBP;700;0.0002178196082;0.000150661;0.00014372700000000001;0.008707747;20000;378016;3210;3.12491165e-5;0.0;0.0;0.008323898
5;quaternionBP;700;0.00012347675475;0.0001012275;9.770200000000001e-5;0.008549012;20000;154608;3209;1.1095180150000001e-5;0.0;0.0;0.008283806000000001
