ref;method;size;mean;median;minimum;maximum;samples;memory;allocs;gcmean;gcmedian;gcminimum;gcmaximum
500;classicBP;700;0.008068781934000001;0.008139144000000001;0.007399924;0.017438424;20000;476608;3246;3.20827408e-5;0.0;0.0;0.008952423000000001
500;quaternionBP;700;0.0077494878429;0.0077070870000000005;0.0073143570000000005;0.015314798000000001;20000;253200;3245;1.1121783100000001e-5;0.0;0.0;0.006906022
