ref;method;size;mean;median;minimum;maximum;samples;memory;allocs;gcmean;gcmedian;gcminimum;gcmaximum
600;classicBP;700;0.007063259998200001;0.007009854500000001;0.006703283;0.014019423000000001;20000;575296;3252;2.6793253550000002e-5;0.0;0.0;0.006687616
600;quaternionBP;700;0.0070841053136;0.007024100500000001;0.006813625;0.013551393;20000;351888;3251;1.44377035e-5;0.0;0.0;0.005567849000000001
