ref;method;size;mean;median;minimum;maximum;samples;memory;allocs;gcmean;gcmedian;gcminimum;gcmaximum
700;classicBP;700;0.005932365259;0.005861926;0.005611690000000001;0.013010194000000001;20000;575296;3252;2.6833066200000003e-5;0.0;0.0;0.005612912
700;quaternionBP;700;0.005816193363350001;0.0057605295;0.005504913;0.012526428000000001;20000;351888;3251;1.441986275e-5;0.0;0.0;0.005887301
