ref;method;size;mean;median;minimum;maximum;samples
900;classicBP;800;0.008378212610000001;0.0083071325;0.008200156;0.012787984;5000
900;quaternionBP;800;0.0080197951872;0.0081688735;0.007094059000000001;0.013870076;5000
